{"loss": [0.0953095331788063, 0.10843246430158615, 0.9390653371810913, 0.9109047651290894, 0.9181692600250244, 0.9217408895492554, 0.9137552976608276, 0.9176309704780579, 0.9154245257377625, 0.933914840221405, 0.893565833568573, 0.8920559287071228, 0.8910384178161621, 0.8926235437393188, 0.8880659937858582, 0.8905962109565735, 0.8910198211669922, 0.8886155486106873, 0.8919349312782288, 0.8886246085166931], "accuracy": [0.9916977286338806, 0.9746177196502686, 0.812296986579895, 0.8105071187019348, 0.8113178014755249, 0.8097087740898132, 0.8122532367706299, 0.8093082308769226, 0.8096380829811096, 0.8111940622329712, 0.8191255927085876, 0.81920325756073, 0.8201538920402527, 0.8192158937454224, 0.8197762966156006, 0.8197108507156372, 0.8197067975997925, 0.8198950886726379, 0.8193334937095642, 0.8197670578956604]}