{"loss": [0.21863119304180145, 0.11076860129833221, 0.08655590564012527, 0.1026899516582489, 0.11019401997327805, 0.0845864787697792, 0.10847928375005722, 0.11698143929243088, 0.07488413155078888, 0.11067751049995422, 0.060024745762348175, 0.06077505648136139, 0.05866948515176773, 0.0560942068696022, 0.053453464061021805, 0.049675557762384415, 0.04926256090402603, 0.0451069250702858, 0.04070350527763367, 0.040449727326631546], "accuracy": [0.9623748660087585, 0.9749692678451538, 0.9796069264411926, 0.975208580493927, 0.9720868468284607, 0.9810424447059631, 0.9752702116966248, 0.9683835506439209, 0.9851459264755249, 0.9794013500213623, 0.9881425499916077, 0.9883016347885132, 0.9880604147911072, 0.9878727793693542, 0.9882231950759888, 0.9889205694198608, 0.9885751605033875, 0.9891667366027832, 0.9894037842750549, 0.9895778298377991]}