{"loss": [0.19582206010818481, 0.9135201573371887, 0.9071296453475952, 0.9372571110725403, 0.9281772971153259, 0.9177341461181641, 0.9200740456581116, 0.9164060354232788, 0.9197233319282532, 0.9160060882568359, 0.8928526043891907, 0.8895813822746277, 0.8905413150787354, 0.8911544680595398, 0.8893138766288757, 0.8922038078308105, 0.8889545798301697, 0.889890730381012, 0.8882243633270264, 0.8899303078651428], "accuracy": [0.9670649170875549, 0.7570237517356873, 0.8128504157066345, 0.8074737787246704, 0.8086029887199402, 0.8110286593437195, 0.8095459938049316, 0.8095937371253967, 0.8099813461303711, 0.8163678646087646, 0.8195691704750061, 0.8198560476303101, 0.8202021718025208, 0.8193081617355347, 0.8196913003921509, 0.819098949432373, 0.8201025128364563, 0.8199540972709656, 0.8203554749488831, 0.8194810152053833]}