{"loss": [0.034954119473695755, 0.031452592462301254, 0.030546020716428757, 0.02978694997727871, 0.029240451753139496, 0.0291446465998888, 0.029071293771266937, 0.029158620163798332, 0.029161516577005386, 0.03619632497429848, 0.029471570625901222, 0.02912204898893833, 0.029089700430631638, 0.02911348082125187, 0.029081644490361214, 0.029233617708086967, 0.029147330671548843, 0.02915356680750847, 0.029055243358016014, 0.029111143201589584], "accuracy": [0.9932188391685486, 0.9936677813529968, 0.9937034249305725, 0.9937174320220947, 0.9937624335289001, 0.9936487078666687, 0.993660569190979, 0.9936310648918152, 0.9936061501502991, 0.9916311502456665, 0.9936037659645081, 0.9935915470123291, 0.9935503602027893, 0.9936487674713135, 0.9935905933380127, 0.9936107993125916, 0.9935653805732727, 0.9935346841812134, 0.9936475157737732, 0.9935859441757202]}