{"loss": [0.19876083731651306, 0.08359754830598831, 0.09341877698898315, 0.09622863680124283, 0.07341136783361435, 0.07860218733549118, 0.08609497547149658, 0.11798405647277832, 0.11635991185903549, 0.10479893535375595, 0.07788995653390884, 0.13739387691020966, 0.1682908535003662, 0.19269604980945587, 0.6895388960838318, 0.8950856924057007, 0.8918980956077576, 0.8888049721717834, 0.8914663791656494, 0.8882206082344055], "accuracy": [0.9913829565048218, 0.9857295155525208, 0.9879770278930664, 0.9880828261375427, 0.9868230223655701, 0.9916918277740479, 0.9840096235275269, 0.9798158407211304, 0.9815528392791748, 0.9810580611228943, 0.9847484230995178, 0.9742355942726135, 0.9700922966003418, 0.963631272315979, 0.8263362050056458, 0.8194987177848816, 0.8194919228553772, 0.8196790814399719, 0.819393515586853, 0.8200352191925049]}